"english_title","suggested_chinese_title","author","author_birth_year","author_death_year","original_publication_year","edition_used_year","source_name","source_url","source_license_or_status","us_public_domain_status","cn_public_domain_status","jp_eu_public_domain_status","translation_allowed_initial_judgment","existing_chinese_translation_status","copyright_safety_score","source_reliability_score","chinese_gap_score","app_fit_score","translation_difficulty_score","total_priority_score","priority","risk_flags","notes","author_nationality","author_bio","other_famous_works","author_life_verified","author_nationality_verified","author_bio_verified","author_other_famous_works_verified","translation_review_method","translation_review_evidence_urls","translation_review_status"
"The Story of the Heavens","《天空的故事》","Robert Stawell Ball","1840","1913","1885","1885","Project Gutenberg","https://www.gutenberg.org/ebooks/27674","Public domain in the USA","LIKELY_PASS","LIKELY_PASS","LIKELY_PASS","YES_WITH_REGION_WARNING","NONE_FOUND","4","5","4","4","4","21","A","US_only_label","早期天文学通识写作，讲述恒星行星与观测史。","Ireland/UK","爱尔兰天文学家，曾任皇家天文学家（爱尔兰），擅长大众天文写作。","The Story of the Heavens; Star-Land","1840-1913","待复核","待补充：作者基本人生简介（权威来源）","待补充：代表作 1-3 本","关键词：英文名/中文名/作者名 + 豆瓣/微信读书/京东/当当/孔网/WorldCat","","PENDING_MANUAL_REVIEW"
"Other Worlds: Their Nature","Possibilities and Habitability in the Light of the Latest Discoveries","《他世界：性质、可能与宜居性》","Garrett P. Serviss","1851","1929","1903","1903","Project Gutenberg","https://www.gutenberg.org/ebooks/18452","Public domain in the USA","LIKELY_PASS","LIKELY_PASS","LIKELY_PASS","YES_WITH_REGION_WARNING","NONE_FOUND","4","5","5","4","3","21","A","US_only_label","UNKNOWN/VARIOUS","当前批次为汇编或作者信息未完全统一，需人工补证。","N/A","Garrett P. Serviss-1851","待复核","待补充：作者基本人生简介（权威来源）","待补充：代表作 1-3 本","关键词：英文名/中文名/作者名 + 豆瓣/微信读书/京东/当当/孔网/WorldCat","","PENDING_MANUAL_REVIEW"
"Astronomy for Amateurs","《业余者天文学》","Camille Flammarion","1842","1925","1904","1904","Project Gutenberg","https://www.gutenberg.org/ebooks/36017","Public domain in the USA","LIKELY_PASS","LIKELY_PASS","LIKELY_PASS","YES_WITH_REGION_WARNING","NONE_FOUND","4","5","4","4","3","20","A","US_only_label","面向普通读者解释望远镜观测和天体运行。","France","法国著名天文学传播者，19世纪末最有影响力的大众天文作者之一。","Astronomie Populaire; Urania","1842-1925","待复核","待补充：作者基本人生简介（权威来源）","待补充：代表作 1-3 本","关键词：英文名/中文名/作者名 + 豆瓣/微信读书/京东/当当/孔网/WorldCat","","PENDING_MANUAL_REVIEW"
"Half-Hours with the Telescope","《与望远镜共度半小时》","Richard A. Proctor","1837","1888","1868","1868","Project Gutenberg","https://www.gutenberg.org/ebooks/2871","Public domain in the USA","LIKELY_PASS","PASS","PASS","YES_WITH_REGION_WARNING","NONE_FOUND","5","5","4","4","5","23","A","US_only_label","短章介绍月球行星和星云的实用观测入门。","UK","英国天文学家与科普作家，强调面向普通读者的观测实践。","Half-Hours with the Telescope; Other Worlds Than Ours","1837-1888","待复核","待补充：作者基本人生简介（权威来源）","待补充：代表作 1-3 本","关键词：英文名/中文名/作者名 + 豆瓣/微信读书/京东/当当/孔网/WorldCat","","PENDING_MANUAL_REVIEW"
"Pleasures of the Telescope","《望远镜的乐趣》","Garrett P. Serviss","1851","1929","1901","1901","Project Gutenberg","https://www.gutenberg.org/ebooks/59117","Public domain in the USA","LIKELY_PASS","LIKELY_PASS","LIKELY_PASS","YES_WITH_REGION_WARNING","NONE_FOUND","4","5","4","4","4","21","A","US_only_label","结合夜空观测对象给出大众友好的观星指南。","USA","美国科普作家与天文传播者，长期写作大众天文与太空题材。","Other Worlds; Curiosities of the Sky","1851-1929","待复核","待补充：作者基本人生简介（权威来源）","待补充：代表作 1-3 本","关键词：英文名/中文名/作者名 + 豆瓣/微信读书/京东/当当/孔网/WorldCat","","PENDING_MANUAL_REVIEW"
"The Story of Eclipses","《日月食的故事》","George F. Chambers","1841","1915","1902","1902","Project Gutenberg","https://www.gutenberg.org/ebooks/57001","Public domain in the USA","LIKELY_PASS","PASS","PASS","YES_WITH_REGION_WARNING","NONE_FOUND","5","5","4","4","4","22","A","US_only_label","系统解释日食月食成因、周期与历史观测。","UK","英国业余天文学传统的重要作者，写作多部天文入门。","The Story of Eclipses; The Story of the Solar System","1841-1915","待复核","待补充：作者基本人生简介（权威来源）","待补充：代表作 1-3 本","关键词：英文名/中文名/作者名 + 豆瓣/微信读书/京东/当当/孔网/WorldCat","","PENDING_MANUAL_REVIEW"
"Round the Year with the Stars","《与群星共度一年》","Garrett P. Serviss","1851","1929","1910","1910","Project Gutenberg","https://www.gutenberg.org/ebooks/15689","Public domain in the USA","LIKELY_PASS","LIKELY_PASS","LIKELY_PASS","YES_WITH_REGION_WARNING","NONE_FOUND","4","5","5","4","4","22","A","US_only_label","按月份介绍可见星座和季节性天象。","USA","美国科普作家与天文传播者，长期写作大众天文与太空题材。","Other Worlds; Curiosities of the Sky","1851-1929","待复核","待补充：作者基本人生简介（权威来源）","待补充：代表作 1-3 本","关键词：英文名/中文名/作者名 + 豆瓣/微信读书/京东/当当/孔网/WorldCat","","PENDING_MANUAL_REVIEW"
"Curiosities of the Sky","《天空奇观》","Garrett P. Serviss","1851","1929","1909","1909","Project Gutenberg","https://www.gutenberg.org/ebooks/25267","Public domain in the USA","LIKELY_PASS","LIKELY_PASS","LIKELY_PASS","YES_WITH_REGION_WARNING","NONE_FOUND","4","5","4","4","4","21","A","US_only_label","以奇特天文现象切入讲授近代天文学知识。","USA","美国科普作家与天文传播者，长期写作大众天文与太空题材。","Other Worlds; Curiosities of the Sky","1851-1929","待复核","待补充：作者基本人生简介（权威来源）","待补充：代表作 1-3 本","关键词：英文名/中文名/作者名 + 豆瓣/微信读书/京东/当当/孔网/WorldCat","","PENDING_MANUAL_REVIEW"
"The Story of the Solar System","《太阳系的故事》","George F. Chambers","1841","1915","1895","1895","Project Gutenberg","https://www.gutenberg.org/ebooks/6473","Public domain in the USA","LIKELY_PASS","PASS","PASS","YES_WITH_REGION_WARNING","NONE_FOUND","5","5","4","4","4","22","A","US_only_label","介绍太阳系各行星与19世纪末天文观念。","UK","英国业余天文学传统的重要作者，写作多部天文入门。","The Story of Eclipses; The Story of the Solar System","1841-1915","待复核","待补充：作者基本人生简介（权威来源）","待补充：代表作 1-3 本","关键词：英文名/中文名/作者名 + 豆瓣/微信读书/京东/当当/孔网/WorldCat","","PENDING_MANUAL_REVIEW"
"Astronomy of To-day","《今日天文学》","Cecil G. Dolmage","1870","1908","1908","1908","Project Gutenberg","https://www.gutenberg.org/ebooks/44559","Public domain in the USA","LIKELY_PASS","PASS","PASS","YES_WITH_REGION_WARNING","NONE_FOUND","5","5","5","4","3","22","A","US_only_label","概述当时最新观测成果和理论进展。","UK","英国天文学写作者，关注20世纪初天文进展。","Astronomy of To-day","1870-1908","待复核","待补充：作者基本人生简介（权威来源）","待补充：代表作 1-3 本","关键词：英文名/中文名/作者名 + 豆瓣/微信读书/京东/当当/孔网/WorldCat","","PENDING_MANUAL_REVIEW"
"Birds and Nature","《鸟与自然》","Various","","","1901","1901","Project Gutenberg","https://www.gutenberg.org/ebooks/47485","Public domain in the USA","LIKELY_PASS","UNKNOWN","UNKNOWN","YES_WITH_REGION_WARNING","NONE_FOUND","3","4","4","4","4","19","A","Various_authors","自然观察随笔与鸟类科普合集。","UNKNOWN/VARIOUS","当前批次为汇编或作者信息未完全统一，需人工补证。","N/A","","待复核","待补充：作者基本人生简介（权威来源）","待补充：代表作 1-3 本","关键词：英文名/中文名/作者名 + 豆瓣/微信读书/京东/当当/孔网/WorldCat","","PENDING_MANUAL_REVIEW"
"Wild Life Near Home","《家门口的野生世界》","Dallas Lore Sharp","1870","1929","1915","1915","Project Gutenberg","https://www.gutenberg.org/ebooks/37265","Public domain in the USA","LIKELY_PASS","LIKELY_PASS","LIKELY_PASS","YES_WITH_REGION_WARNING","NONE_FOUND","4","5","5","4","5","23","A","US_only_label","记录北美乡野常见动物行为与季节变化。","USA","美国自然教育作家，擅长把野外观察写成通俗读物。","Wild Life Near Home","1870-1929","待复核","待补充：作者基本人生简介（权威来源）","待补充：代表作 1-3 本","关键词：英文名/中文名/作者名 + 豆瓣/微信读书/京东/当当/孔网/WorldCat","","PENDING_MANUAL_REVIEW"
"The Log of the Sun","《太阳日志》","William Beebe","1877","1962","1906","1906","Project Gutenberg","https://www.gutenberg.org/ebooks/40713","Public domain in the USA","LIKELY_PASS","RISK","RISK","NEEDS_MANUAL_REVIEW","NONE_FOUND","2","5","5","4","4","20","B","author_death_1962","博物学家以野外观测方式描写自然节律。","USA","美国博物学家与探险家，后以深海研究闻名。","The Log of the Sun; Galapagos: World's End","1877-1962","待复核","待补充：作者基本人生简介（权威来源）","待补充：代表作 1-3 本","关键词：英文名/中文名/作者名 + 豆瓣/微信读书/京东/当当/孔网/WorldCat","","PENDING_MANUAL_REVIEW"
"In Nesting Time","《筑巢时节》","Olive Thorne Miller","1831","1918","1889","1889","Project Gutenberg","https://www.gutenberg.org/ebooks/20372","Public domain in the USA","LIKELY_PASS","PASS","PASS","YES_WITH_REGION_WARNING","NONE_FOUND","5","5","5","4","4","23","A","US_only_label","围绕鸟类繁殖季写自然观察与行为细节。","USA","美国女性自然观察作家，代表作多为鸟类观察。","In Nesting Time; Bird-Ways","1831-1918","待复核","待补充：作者基本人生简介（权威来源）","待补充：代表作 1-3 本","关键词：英文名/中文名/作者名 + 豆瓣/微信读书/京东/当当/孔网/WorldCat","","PENDING_MANUAL_REVIEW"
"A Year in the Fields","《田野一年》","John Burroughs","1837","1921","1897","1897","Project Gutenberg","https://www.gutenberg.org/ebooks/26426","Public domain in the USA","LIKELY_PASS","PASS","PASS","YES_WITH_REGION_WARNING","NONE_FOUND","5","5","4","4","5","23","A","US_only_label","按四季记录北美乡野植物与鸟兽变化。","USA","美国自然随笔作家，强调日常自然体验。","Wake-Robin; A Year in the Fields","1837-1921","待复核","待补充：作者基本人生简介（权威来源）","待补充：代表作 1-3 本","关键词：英文名/中文名/作者名 + 豆瓣/微信读书/京东/当当/孔网/WorldCat","","PENDING_MANUAL_REVIEW"
"The Watchers of the Trails","《小径守望者》","Charles G. D. Roberts","1860","1943","1904","1904","Project Gutenberg","https://www.gutenberg.org/ebooks/12227","Public domain in the USA","LIKELY_PASS","LIKELY_PASS","LIKELY_PASS","YES_WITH_REGION_WARNING","NONE_FOUND","4","5","5","4","4","22","A","US_only_label","拟人化但基于观察地描写动物生存故事。","Canada","加拿大作家，动物故事与自然写作代表人物。","The Watchers of the Trails","1860-1943","待复核","待补充：作者基本人生简介（权威来源）","待补充：代表作 1-3 本","关键词：英文名/中文名/作者名 + 豆瓣/微信读书/京东/当当/孔网/WorldCat","","PENDING_MANUAL_REVIEW"
"The Naturalist in Nicaragua","《在尼加拉瓜的博物学家》","Thomas Belt","1832","1878","1874","1874","Project Gutenberg","https://www.gutenberg.org/ebooks/2328","Public domain in the USA","LIKELY_PASS","PASS","PASS","YES_WITH_REGION_WARNING","NONE_FOUND","5","5","4","4","3","21","A","US_only_label","热带地区地质昆虫与生态观察经典。","UK","英国地质学家与博物学家，曾在中美洲长期考察。","The Naturalist in Nicaragua","1832-1878","待复核","待补充：作者基本人生简介（权威来源）","待补充：代表作 1-3 本","关键词：英文名/中文名/作者名 + 豆瓣/微信读书/京东/当当/孔网/WorldCat","","PENDING_MANUAL_REVIEW"
"A Book of Natural History","《自然史读本》","Various","","","1900","1900","Project Gutenberg","https://www.gutenberg.org/ebooks/40380","Public domain in the USA","LIKELY_PASS","UNKNOWN","UNKNOWN","YES_WITH_REGION_WARNING","NONE_FOUND","3","4","4","4","4","19","A","Various_authors","面向大众的动物植物自然史入门。","UNKNOWN/VARIOUS","当前批次为汇编或作者信息未完全统一，需人工补证。","N/A","","待复核","待补充：作者基本人生简介（权威来源）","待补充：代表作 1-3 本","关键词：英文名/中文名/作者名 + 豆瓣/微信读书/京东/当当/孔网/WorldCat","","PENDING_MANUAL_REVIEW"
"The Story of the Living Machine","《生命机器的故事》","H. W. Conn","1859","1917","1899","1899","Project Gutenberg","https://www.gutenberg.org/ebooks/16487","Public domain in the USA","LIKELY_PASS","PASS","PASS","YES_WITH_REGION_WARNING","NONE_FOUND","5","5","4","4","3","21","A","US_only_label","早期生物学通识，解释细胞与生命过程。","USA","美国生物学家与科普作者，早期细菌学大众传播者。","The Story of Germ Life; The Story of the Living Machine","1859-1917","待复核","待补充：作者基本人生简介（权威来源）","待补充：代表作 1-3 本","关键词：英文名/中文名/作者名 + 豆瓣/微信读书/京东/当当/孔网/WorldCat","","PENDING_MANUAL_REVIEW"
"The Outline of Science Vol.1","《科学大纲（卷一）》","J. Arthur Thomson","1861","1933","1922","1922","Project Gutenberg","https://www.gutenberg.org/ebooks/20417","Public domain in the USA","LIKELY_PASS","LIKELY_PASS","LIKELY_PASS","YES_WITH_REGION_WARNING","NONE_FOUND","4","5","4","4","3","20","A","multi_author_volume","涵盖生物地质等自然科学观察与解释。","Scotland/UK","苏格兰生物学家与科普作家，主持大型科学通识编写。","The Outline of Science","1861-1933","待复核","待补充：作者基本人生简介（权威来源）","待补充：代表作 1-3 本","关键词：英文名/中文名/作者名 + 豆瓣/微信读书/京东/当当/孔网/WorldCat","","PENDING_MANUAL_REVIEW"
"A Voyage to the World of the Future","《航向未来世界》","Various","","","1900","1900","Project Gutenberg","https://www.gutenberg.org/ebooks/62779","Public domain in the USA","LIKELY_PASS","UNKNOWN","UNKNOWN","YES_WITH_REGION_WARNING","NONE_FOUND","3","4","4","3","4","18","B","anthology_borderline","含航海叙事元素的通俗读物。","UNKNOWN/VARIOUS","当前批次为汇编或作者信息未完全统一，需人工补证。","N/A","","待复核","待补充：作者基本人生简介（权威来源）","待补充：代表作 1-3 本","关键词：英文名/中文名/作者名 + 豆瓣/微信读书/京东/当当/孔网/WorldCat","","PENDING_MANUAL_REVIEW"
"A Journal of a Voyage to the South Seas","《南海航行日志》","Sydney Parkinson","1745","1771","1773","1773","Project Gutenberg","https://www.gutenberg.org/ebooks/3056","Public domain in the USA","LIKELY_PASS","PASS","PASS","YES_WITH_REGION_WARNING","NONE_FOUND","5","5","5","4","3","22","A","US_only_label","库克航海时期随船画师记录太平洋见闻。","Scotland/UK","随库克远航的画师与记录者，留下太平洋早期见闻。","A Journal of a Voyage to the South Seas","1745-1771","待复核","待补充：作者基本人生简介（权威来源）","待补充：代表作 1-3 本","关键词：英文名/中文名/作者名 + 豆瓣/微信读书/京东/当当/孔网/WorldCat","","PENDING_MANUAL_REVIEW"
"Narrative of a Voyage to Hudson's Bay in His Majesty's Ship Rosamond","《赴哈德逊湾航海记》","Edward Chappell","1792","1861","1817","1817","Project Gutenberg","https://www.gutenberg.org/ebooks/16864","Public domain in the USA","LIKELY_PASS","PASS","PASS","YES_WITH_REGION_WARNING","NONE_FOUND","5","5","5","4","3","22","A","US_only_label","记录北方海路、殖民据点与航海环境。","UK","英国海军军官与旅行记作者。","Narrative of a Voyage to Hudson's Bay","1792-1861","待复核","待补充：作者基本人生简介（权威来源）","待补充：代表作 1-3 本","关键词：英文名/中文名/作者名 + 豆瓣/微信读书/京东/当当/孔网/WorldCat","","PENDING_MANUAL_REVIEW"
"The Last Voyage of the Karluk","《卡鲁克号最后航程》","William Laird McKinlay","1886","?","1914","1914","Project Gutenberg","https://www.gutenberg.org/ebooks/42322","Public domain in the USA","LIKELY_PASS","UNKNOWN","UNKNOWN","NEEDS_MANUAL_REVIEW","NONE_FOUND","3","5","5","4","4","21","B","death_year_unknown","北极远征遇险与求生的一手航海叙事。","Scotland/UK","北极探险队成员，记录卡鲁克号灾难与生还。","The Last Voyage of the Karluk","1886-?","待复核","待补充：作者基本人生简介（权威来源）","待补充：代表作 1-3 本","关键词：英文名/中文名/作者名 + 豆瓣/微信读书/京东/当当/孔网/WorldCat","","PENDING_MANUAL_REVIEW"
"The Cruise of the Snark","《斯纳克号巡航记》","Jack London","1876","1916","1911","1911","Project Gutenberg","https://www.gutenberg.org/ebooks/4300","Public domain in the USA","LIKELY_PASS","PASS","PASS","YES_WITH_REGION_WARNING","MODERN_TRANSLATION_FOUND","5","5","1","4","5","20","C","cn_translation_exists","作者环球航海旅行见闻与社会观察。","USA","美国著名小说家与记者，冒险文学代表作者。","The Call of the Wild; White Fang; The Cruise of the Snark","1876-1916","待复核","待补充：作者基本人生简介（权威来源）","待补充：代表作 1-3 本","关键词：英文名/中文名/作者名 + 豆瓣/微信读书/京东/当当/孔网/WorldCat","","PENDING_MANUAL_REVIEW"
"Two Years Before the Mast","《桅前两年》","Richard Henry Dana Jr.","1815","1882","1840","1840","Project Gutenberg","https://www.gutenberg.org/ebooks/2055","Public domain in the USA","LIKELY_PASS","PASS","PASS","YES_WITH_REGION_WARNING","MODERN_TRANSLATION_FOUND","5","5","2","4","4","20","C","cn_translation_exists","普通水手视角记录商船生活与海上劳动。","USA","美国作家与律师，海员经验写作影响深远。","Two Years Before the Mast","1815-1882","待复核","待补充：作者基本人生简介（权威来源）","待补充：代表作 1-3 本","关键词：英文名/中文名/作者名 + 豆瓣/微信读书/京东/当当/孔网/WorldCat","","PENDING_MANUAL_REVIEW"
"Narrative of the United States' Exploring Expedition Vol.1","《美国探险远征记（卷一）》","Charles Wilkes","1798","1877","1845","1845","Project Gutenberg","https://www.gutenberg.org/ebooks/13737","Public domain in the USA","LIKELY_PASS","PASS","PASS","YES_WITH_REGION_WARNING","NONE_FOUND","5","5","5","4","2","21","A","US_only_label","美国官方远征队的航海与地理调查记录。","USA","美国海军军官，主导19世纪重要官方远征。","Narrative of the United States Exploring Expedition","1798-1877","待复核","待补充：作者基本人生简介（权威来源）","待补充：代表作 1-3 本","关键词：英文名/中文名/作者名 + 豆瓣/微信读书/京东/当当/孔网/WorldCat","","PENDING_MANUAL_REVIEW"
"A Voyage Round the World","《环球航海记》","George Anson","1697","1762","1748","1748","Project Gutenberg","https://www.gutenberg.org/ebooks/16611","Public domain in the USA","LIKELY_PASS","PASS","PASS","YES_WITH_REGION_WARNING","OLD_TRANSLATION_FOUND","5","5","3","4","2","19","B","old_cn_trace","18世纪英国舰队环球远征和海战经历。","UK","英国海军将领，18世纪环球远航代表人物。","A Voyage Round the World","1697-1762","待复核","待补充：作者基本人生简介（权威来源）","待补充：代表作 1-3 本","关键词：英文名/中文名/作者名 + 豆瓣/微信读书/京东/当当/孔网/WorldCat","","PENDING_MANUAL_REVIEW"
"The South Polar Times Vol.1","《南极时报（卷一）》","Various","","","1907","1907","Project Gutenberg","https://www.gutenberg.org/ebooks/37853","Public domain in the USA","LIKELY_PASS","UNKNOWN","UNKNOWN","YES_WITH_REGION_WARNING","NONE_FOUND","3","4","5","4","3","19","B","team_authorship","南极探险队内部刊物，记录极地航行与营地生活。","UNKNOWN/VARIOUS","当前批次为汇编或作者信息未完全统一，需人工补证。","N/A","","待复核","待补充：作者基本人生简介（权威来源）","待补充：代表作 1-3 本","关键词：英文名/中文名/作者名 + 豆瓣/微信读书/京东/当当/孔网/WorldCat","","PENDING_MANUAL_REVIEW"
"A Journey to the Centre of the Earth","《地心游记（早期英译）》","Jules Verne / F. A. Malleson","1828","1905","1864","1871","Project Gutenberg","https://www.gutenberg.org/ebooks/18857","Public domain in the USA","LIKELY_PASS","PASS","PASS","NO","MANY_TRANSLATIONS_FOUND","5","5","1","3","5","19","C","too_many_cn_versions","经典地理探险小说，描述地下世界冒险。；人工规则纠正：该书在中文市场已有较多译本，排除出“无中译优先池”。","France / UK","凡尔纳为法国科幻经典作家，Malleson为早期英译者。","Twenty Thousand Leagues Under the Seas; Around the World in Eighty Days","1828-1905","待复核","待补充：作者基本人生简介（权威来源）","待补充：代表作 1-3 本","关键词：英文名/中文名/作者名 + 豆瓣/微信读书/京东/当当/孔网/WorldCat","","CONFIRMED_FOUND"
"Travels in Arabia Deserta Vol.1","《阿拉伯沙漠行记（卷一）》","Charles M. Doughty","1843","1926","1888","1888","Project Gutenberg","https://www.gutenberg.org/ebooks/4728","Public domain in the USA","LIKELY_PASS","PASS","PASS","YES_WITH_REGION_WARNING","NONE_FOUND","5","5","5","4","2","21","A","US_only_label","19世纪阿拉伯半岛腹地旅行与民族观察。","UK","英国旅行作家，阿拉伯旅行纪实经典作者。","Travels in Arabia Deserta","1843-1926","待复核","待补充：作者基本人生简介（权威来源）","待补充：代表作 1-3 本","关键词：英文名/中文名/作者名 + 豆瓣/微信读书/京东/当当/孔网/WorldCat","","PENDING_MANUAL_REVIEW"
"A Lady's Life in the Rocky Mountains","《落基山中的女士生活》","Isabella L. Bird","1831","1904","1879","1879","Project Gutenberg","https://www.gutenberg.org/ebooks/755","Public domain in the USA","LIKELY_PASS","PASS","PASS","NO","MANY_TRANSLATIONS_FOUND","5","5","1","4","4","19","C","cn_translation_exists","书信体记录美国西部旅行、自然和人物。；人工规则纠正：该书在中文市场已有较多译本，排除出“无中译优先池”。","UK","英国著名女性旅行家，足迹遍及亚洲与美洲。","A Lady's Life in the Rocky Mountains; Unbeaten Tracks in Japan","1831-1904","待复核","待补充：作者基本人生简介（权威来源）","待补充：代表作 1-3 本","关键词：英文名/中文名/作者名 + 豆瓣/微信读书/京东/当当/孔网/WorldCat","","CONFIRMED_FOUND"
"Among the Tibetans","《在藏人之间》","Isabella L. Bird","1831","1904","1894","1894","Project Gutenberg","https://www.gutenberg.org/ebooks/41635","Public domain in the USA","LIKELY_PASS","PASS","PASS","YES_WITH_REGION_WARNING","UNKNOWN","5","5","3","4","3","20","B","cn_status_uncertain","描写藏地沿线地理风物与社会见闻。","UK","英国著名女性旅行家，足迹遍及亚洲与美洲。","A Lady's Life in the Rocky Mountains; Unbeaten Tracks in Japan","1831-1904","待复核","待补充：作者基本人生简介（权威来源）","待补充：代表作 1-3 本","关键词：英文名/中文名/作者名 + 豆瓣/微信读书/京东/当当/孔网/WorldCat","","PENDING_MANUAL_REVIEW"
"The Ascent of Denali","《攀登迪纳利》","Hudson Stuck","1863","1920","1914","1914","Project Gutenberg","https://www.gutenberg.org/ebooks/22908","Public domain in the USA","LIKELY_PASS","PASS","PASS","YES_WITH_REGION_WARNING","NONE_FOUND","5","5","5","4","4","23","A","US_only_label","阿拉斯加高峰首登过程与极地环境记录。","UK/USA","英裔美国传教士与登山家，迪纳利首登队成员。","The Ascent of Denali","1863-1920","待复核","待补充：作者基本人生简介（权威来源）","待补充：代表作 1-3 本","关键词：英文名/中文名/作者名 + 豆瓣/微信读书/京东/当当/孔网/WorldCat","","PENDING_MANUAL_REVIEW"
"The Golden Chersonese and the Way Thither","《黄金半岛之旅》","Isabella L. Bird","1831","1904","1883","1883","Project Gutenberg","https://www.gutenberg.org/ebooks/28571","Public domain in the USA","LIKELY_PASS","PASS","PASS","YES_WITH_REGION_WARNING","UNKNOWN","5","5","3","4","3","20","B","cn_status_uncertain","东南亚旅行记，含地理、民俗和殖民观察。","UK","英国著名女性旅行家，足迹遍及亚洲与美洲。","A Lady's Life in the Rocky Mountains; Unbeaten Tracks in Japan","1831-1904","待复核","待补充：作者基本人生简介（权威来源）","待补充：代表作 1-3 本","关键词：英文名/中文名/作者名 + 豆瓣/微信读书/京东/当当/孔网/WorldCat","","PENDING_MANUAL_REVIEW"
"In Search of the Castaways","《寻访失踪船队》","Jules Verne","1828","1905","1867","1873","Project Gutenberg","https://www.gutenberg.org/ebooks/2486","Public domain in the USA","LIKELY_PASS","PASS","PASS","YES_WITH_REGION_WARNING","MANY_TRANSLATIONS_FOUND","5","5","1","3","4","18","C","too_many_cn_versions","跨洋追踪与探险叙事。","France","法国科幻文学先驱。","Journey to the Center of the Earth; Around the World in Eighty Days","1828-1905","待复核","待补充：作者基本人生简介（权威来源）","待补充：代表作 1-3 本","关键词：英文名/中文名/作者名 + 豆瓣/微信读书/京东/当当/孔网/WorldCat","","PENDING_MANUAL_REVIEW"
"The Voyage of the Beagle","《小猎犬号航海记》","Charles Darwin","1809","1882","1839","1839","Project Gutenberg","https://www.gutenberg.org/ebooks/944","Mixed global status note","LIKELY_PASS","PASS","PASS","NO","MANY_TRANSLATIONS_FOUND","5","5","1","4","3","18","C","classic_many_cn","达尔文环球考察中的地理生物观察。；人工规则纠正：该书在中文市场已有较多译本，排除出“无中译优先池”。","UK","英国博物学家，现代进化论奠基人。","On the Origin of Species; The Descent of Man; The Voyage of the Beagle","1809-1882","待复核","待补充：作者基本人生简介（权威来源）","待补充：代表作 1-3 本","关键词：英文名/中文名/作者名 + 豆瓣/微信读书/京东/当当/孔网/WorldCat","","CONFIRMED_FOUND"
"A Woman's Journey Round the World","《女性环球旅行记》","Ida Pfeiffer","1797","1858","1850","1850","Project Gutenberg","https://www.gutenberg.org/ebooks/1191","Public domain in the USA","LIKELY_PASS","PASS","PASS","YES_WITH_REGION_WARNING","UNKNOWN","5","5","4","4","3","21","A","cn_status_uncertain","女性独行环球旅行路线与社会观察。","Austria","奥地利女性旅行家，19世纪女性环球旅行代表人物。","A Woman's Journey Round the World","1797-1858","待复核","待补充：作者基本人生简介（权威来源）","待补充：代表作 1-3 本","关键词：英文名/中文名/作者名 + 豆瓣/微信读书/京东/当当/孔网/WorldCat","","PENDING_MANUAL_REVIEW"
"The Mastery of the Air","《征服天空》","William J. Claxton","?","?","1909","1909","Project Gutenberg","https://www.gutenberg.org/ebooks/874","Public domain in the USA","LIKELY_PASS","UNKNOWN","UNKNOWN","NEEDS_MANUAL_REVIEW","NONE_FOUND","3","5","4","4","4","20","B","author_identity_review","早期航空发明与飞行技术发展史。","UNKNOWN/VARIOUS","当前批次为汇编或作者信息未完全统一，需人工补证。","N/A","?-?","待复核","待补充：作者基本人生简介（权威来源）","待补充：代表作 1-3 本","关键词：英文名/中文名/作者名 + 豆瓣/微信读书/京东/当当/孔网/WorldCat","","PENDING_MANUAL_REVIEW"
"Great Inventors and Their Inventions","《伟大发明家与他们的发明》","Frank P. Bachman","1861","1944","1918","1918","Project Gutenberg","https://www.gutenberg.org/ebooks/3295","Public domain in the USA","LIKELY_PASS","LIKELY_PASS","LIKELY_PASS","YES_WITH_REGION_WARNING","OLD_TRANSLATION_FOUND","4","5","3","4","5","21","A","possible_old_cn","讲述多位发明家与关键技术突破。","USA","美国教育与科普写作者。","Great Inventors and Their Inventions","1861-1944","待复核","待补充：作者基本人生简介（权威来源）","待补充：代表作 1-3 本","关键词：英文名/中文名/作者名 + 豆瓣/微信读书/京东/当当/孔网/WorldCat","","PENDING_MANUAL_REVIEW"
"The Romance of Modern Invention","《现代发明传奇》","Archibald Williams","1871","1934","1903","1903","Project Gutenberg","https://www.gutenberg.org/ebooks/544","Public domain in the USA","LIKELY_PASS","PASS","PASS","YES_WITH_REGION_WARNING","NONE_FOUND","5","5","5","4","4","23","A","US_only_label","面向大众解释电气交通通信等新发明。","UK","英国科普作家，长期写作工程与新技术。","The Romance of Modern Invention","1871-1934","待复核","待补充：作者基本人生简介（权威来源）","待补充：代表作 1-3 本","关键词：英文名/中文名/作者名 + 豆瓣/微信读书/京东/当当/孔网/WorldCat","","PENDING_MANUAL_REVIEW"
"The Story of Inventions","《发明故事》","Edward E. Hale","1822","1909","1896","1896","Project Gutenberg","https://www.gutenberg.org/ebooks/10134","Public domain in the USA","LIKELY_PASS","PASS","PASS","YES_WITH_REGION_WARNING","NONE_FOUND","5","5","5","4","5","24","A","US_only_label","以故事化方式介绍近代关键发明诞生。","USA","美国作家与社会活动家，亦写作通俗科技史。","The Story of Inventions","1822-1909","待复核","待补充：作者基本人生简介（权威来源）","待补充：代表作 1-3 本","关键词：英文名/中文名/作者名 + 豆瓣/微信读书/京东/当当/孔网/WorldCat","","PENDING_MANUAL_REVIEW"
"Famous Discoveries by Sea and Land","《海陆重大发现》","Samuel G. Goodrich","1793","1860","1858","1858","Project Gutenberg","https://www.gutenberg.org/ebooks/10934","Public domain in the USA","LIKELY_PASS","PASS","PASS","YES_WITH_REGION_WARNING","NONE_FOUND","5","5","4","4","5","23","A","US_only_label","梳理地理发现与技术应用的历史脉络。","USA","美国出版人与作家（Peter Parley），以儿童通识写作闻名。","Famous Discoveries by Sea and Land","1793-1860","待复核","待补充：作者基本人生简介（权威来源）","待补充：代表作 1-3 本","关键词：英文名/中文名/作者名 + 豆瓣/微信读书/京东/当当/孔网/WorldCat","","PENDING_MANUAL_REVIEW"
"The Book of the Machine","《机器之书》","Francis A. Talbot","1880","1924","1917","1917","Project Gutenberg","https://www.gutenberg.org/ebooks/45828","Public domain in the USA","LIKELY_PASS","PASS","PASS","YES_WITH_REGION_WARNING","NONE_FOUND","5","5","5","4","4","23","A","US_only_label","介绍工业时代主要机械系统及其原理。","UK","英国技术写作者，专注工业与运输技术。","The Book of the Machine","1880-1924","待复核","待补充：作者基本人生简介（权威来源）","待补充：代表作 1-3 本","关键词：英文名/中文名/作者名 + 豆瓣/微信读书/京东/当当/孔网/WorldCat","","PENDING_MANUAL_REVIEW"
"Stories of Useful Inventions","《实用发明故事》","S. E. Forman","1848","1922","1911","1911","Project Gutenberg","https://www.gutenberg.org/ebooks/24768","Public domain in the USA","LIKELY_PASS","PASS","PASS","YES_WITH_REGION_WARNING","NONE_FOUND","5","5","5","4","5","24","A","US_only_label","面向青少年讲述日常技术发明来历。","USA","美国通识写作者，面向青少年解释制度与技术。","Stories of Useful Inventions","1848-1922","待复核","待补充：作者基本人生简介（权威来源）","待补充：代表作 1-3 本","关键词：英文名/中文名/作者名 + 豆瓣/微信读书/京东/当当/孔网/WorldCat","","PENDING_MANUAL_REVIEW"
"The Wonder Book of Knowledge: Inventions and Discoveries","《知识奇书：发明与发现》","Various","","","1912","1912","Project Gutenberg","https://www.gutenberg.org/ebooks/37616","Public domain in the USA","LIKELY_PASS","UNKNOWN","UNKNOWN","YES_WITH_REGION_WARNING","NONE_FOUND","3","4","4","4","4","19","B","multi_author","图文式科普汇编，覆盖多类发明与实验。","UNKNOWN/VARIOUS","当前批次为汇编或作者信息未完全统一，需人工补证。","N/A","","待复核","待补充：作者基本人生简介（权威来源）","待补充：代表作 1-3 本","关键词：英文名/中文名/作者名 + 豆瓣/微信读书/京东/当当/孔网/WorldCat","","PENDING_MANUAL_REVIEW"
"Heroes of the Telegraph","《电报英雄传》","J. Munro","1849","1930","1891","1891","Project Gutenberg","https://www.gutenberg.org/ebooks/38339","Public domain in the USA","LIKELY_PASS","PASS","PASS","YES_WITH_REGION_WARNING","NONE_FOUND","5","5","5","4","4","23","A","US_only_label","围绕电报先驱和通信工程演进展开叙述。","UK","英国电气技术作者，关注电报电话史。","Heroes of the Telegraph","1849-1930","待复核","待补充：作者基本人生简介（权威来源）","待补充：代表作 1-3 本","关键词：英文名/中文名/作者名 + 豆瓣/微信读书/京东/当当/孔网/WorldCat","","PENDING_MANUAL_REVIEW"
"Modern Engines and Power Generators Vol.1","《现代发动机与动力机组（卷一）》","Various","","","1912","1912","Project Gutenberg","https://www.gutenberg.org/ebooks/51847","Public domain in the USA","LIKELY_PASS","UNKNOWN","UNKNOWN","YES_WITH_REGION_WARNING","NONE_FOUND","3","4","5","5","2","19","B","multi_author_technical","系统介绍蒸汽机内燃机与发电设备结构。","UNKNOWN/VARIOUS","当前批次为汇编或作者信息未完全统一，需人工补证。","N/A","","待复核","待补充：作者基本人生简介（权威来源）","待补充：代表作 1-3 本","关键词：英文名/中文名/作者名 + 豆瓣/微信读书/京东/当当/孔网/WorldCat","","PENDING_MANUAL_REVIEW"
"The Steam Engine and Gas and Oil Engines","《蒸汽机与燃气燃油发动机》","John Perry","1850","1920","1906","1906","Project Gutenberg","https://www.gutenberg.org/ebooks/33591","Public domain in the USA","LIKELY_PASS","PASS","PASS","YES_WITH_REGION_WARNING","NONE_FOUND","5","5","5","5","3","23","A","US_only_label","工程教材式讲解动力机械原理与应用。","UK","英国工程学者，近代工程教育代表人物。","The Steam Engine and Gas and Oil Engines","1850-1920","待复核","待补充：作者基本人生简介（权威来源）","待补充：代表作 1-3 本","关键词：英文名/中文名/作者名 + 豆瓣/微信读书/京东/当当/孔网/WorldCat","","PENDING_MANUAL_REVIEW"
"Cyclopedia of Telephony and Telegraphy Vol.1","《电话与电报百科（卷一）》","Kempster B. Miller","?","?","1919","1919","Project Gutenberg","https://www.gutenberg.org/ebooks/49446","Public domain in the USA","LIKELY_PASS","UNKNOWN","UNKNOWN","NEEDS_MANUAL_REVIEW","NONE_FOUND","3","5","5","5","2","20","B","editor_identity_review","覆盖电话电报系统构成与工程实践。","UNKNOWN/VARIOUS","当前批次为汇编或作者信息未完全统一，需人工补证。","N/A","?-?","待复核","待补充：作者基本人生简介（权威来源）","待补充：代表作 1-3 本","关键词：英文名/中文名/作者名 + 豆瓣/微信读书/京东/当当/孔网/WorldCat","","PENDING_MANUAL_REVIEW"
"Electricity for Engineers","《工程师用电学》","Norris & Craig","","","1911","1911","Project Gutenberg","https://www.gutenberg.org/ebooks/35185","Public domain in the USA","LIKELY_PASS","UNKNOWN","UNKNOWN","NEEDS_MANUAL_REVIEW","NONE_FOUND","3","5","5","5","2","20","B","author_identity_review","面向工程应用的电学原理与计算。","UNKNOWN/VARIOUS","当前批次为汇编或作者信息未完全统一，需人工补证。","N/A","","待复核","待补充：作者基本人生简介（权威来源）","待补充：代表作 1-3 本","关键词：英文名/中文名/作者名 + 豆瓣/微信读书/京东/当当/孔网/WorldCat","","PENDING_MANUAL_REVIEW"
"The Story of Great Inventions","《伟大发明史话》","Elmer E. Burns","?","?","1910","1910","Project Gutenberg","https://www.gutenberg.org/ebooks/36324","Public domain in the USA","LIKELY_PASS","UNKNOWN","UNKNOWN","NEEDS_MANUAL_REVIEW","NONE_FOUND","3","5","5","4","4","21","B","author_identity_review","按时代介绍关键工程发明及产业影响。","UNKNOWN/VARIOUS","当前批次为汇编或作者信息未完全统一，需人工补证。","N/A","?-?","待复核","待补充：作者基本人生简介（权威来源）","待补充：代表作 1-3 本","关键词：英文名/中文名/作者名 + 豆瓣/微信读书/京东/当当/孔网/WorldCat","","PENDING_MANUAL_REVIEW"
"Mechanical Drawing Self-Taught","《机械制图自学》","Joshua Rose","1842","1922","1893","1893","Project Gutenberg","https://www.gutenberg.org/ebooks/58539","Public domain in the USA","LIKELY_PASS","PASS","PASS","YES_WITH_REGION_WARNING","NONE_FOUND","5","5","5","5","3","23","A","US_only_label","机械工程图学基础与操作规范入门。","UK/USA","机械工程技术作者，制图与加工教材作者。","Mechanical Drawing Self-Taught","1842-1922","待复核","待补充：作者基本人生简介（权威来源）","待补充：代表作 1-3 本","关键词：英文名/中文名/作者名 + 豆瓣/微信读书/京东/当当/孔网/WorldCat","","PENDING_MANUAL_REVIEW"
"The Elements of Graphic Statics","《图解静力学要素》","Karl von Ott","?","?","1904","1904","Project Gutenberg","https://www.gutenberg.org/ebooks/43822","Public domain in the USA","LIKELY_PASS","UNKNOWN","UNKNOWN","NEEDS_MANUAL_REVIEW","NONE_FOUND","3","5","5","5","2","20","B","author_identity_review","用于结构工程分析的图解方法教材。","UNKNOWN/VARIOUS","当前批次为汇编或作者信息未完全统一，需人工补证。","N/A","?-?","待复核","待补充：作者基本人生简介（权威来源）","待补充：代表作 1-3 本","关键词：英文名/中文名/作者名 + 豆瓣/微信读书/京东/当当/孔网/WorldCat","","PENDING_MANUAL_REVIEW"
"Railway Mechanical Engineering","《铁路机械工程》","Various","","","1910","1910","Project Gutenberg","https://www.gutenberg.org/ebooks/40305","Public domain in the USA","LIKELY_PASS","UNKNOWN","UNKNOWN","YES_WITH_REGION_WARNING","NONE_FOUND","3","4","5","5","2","19","B","multi_author","讲述铁路车辆动力系统与维护工程。","UNKNOWN/VARIOUS","当前批次为汇编或作者信息未完全统一，需人工补证。","N/A","","待复核","待补充：作者基本人生简介（权威来源）","待补充：代表作 1-3 本","关键词：英文名/中文名/作者名 + 豆瓣/微信读书/京东/当当/孔网/WorldCat","","PENDING_MANUAL_REVIEW"
"The Correlation and Conservation of Forces","《力的相关性与守恒》","Edward L. Youmans","1821","1887","1864","1864","Project Gutenberg","https://www.gutenberg.org/ebooks/16348","Public domain in the USA","LIKELY_PASS","PASS","PASS","YES_WITH_REGION_WARNING","NONE_FOUND","5","5","4","4","3","21","A","US_only_label","科普讲座体阐释能量守恒思想。","USA","美国科学传播者，《Popular Science》早期推动者。","The Correlation and Conservation of Forces","1821-1887","待复核","待补充：作者基本人生简介（权威来源）","待补充：代表作 1-3 本","关键词：英文名/中文名/作者名 + 豆瓣/微信读书/京东/当当/孔网/WorldCat","","PENDING_MANUAL_REVIEW"
"The Birth-Time of the World and Other Scientific Essays","《世界诞生时刻及其他科学随笔》","J. Joly","1857","1933","1911","1911","Project Gutenberg","https://www.gutenberg.org/ebooks/17534","Public domain in the USA","LIKELY_PASS","LIKELY_PASS","LIKELY_PASS","YES_WITH_REGION_WARNING","NONE_FOUND","4","5","5","4","3","21","A","US_only_label","地球年龄与地质时间问题的讲座式文章。","Ireland","爱尔兰物理学家与地质学者，研究地球年龄问题。","The Birth-Time of the World","1857-1933","待复核","待补充：作者基本人生简介（权威来源）","待补充：代表作 1-3 本","关键词：英文名/中文名/作者名 + 豆瓣/微信读书/京东/当当/孔网/WorldCat","","PENDING_MANUAL_REVIEW"
"The Story of the Earth's Atmosphere","《地球大气层的故事》","Douglas Archibald","1854","1908","1897","1897","Project Gutenberg","https://www.gutenberg.org/ebooks/22009","Public domain in the USA","LIKELY_PASS","PASS","PASS","YES_WITH_REGION_WARNING","NONE_FOUND","5","5","5","4","4","23","A","US_only_label","解释气象大气结构与天气机制。","UK","英国气象学相关写作者。","The Story of the Earth's Atmosphere","1854-1908","待复核","待补充：作者基本人生简介（权威来源）","待补充：代表作 1-3 本","关键词：英文名/中文名/作者名 + 豆瓣/微信读书/京东/当当/孔网/WorldCat","","PENDING_MANUAL_REVIEW"
"Scientific American Supplement No. 829","《科学美国人增刊第829期》","Various","","","1892","1892","Project Gutenberg","https://www.gutenberg.org/ebooks/47142","Public domain in the USA","LIKELY_PASS","UNKNOWN","UNKNOWN","YES_WITH_REGION_WARNING","NONE_FOUND","3","4","5","4","3","19","B","periodical_issue","综合技术讲座与实验报告体短文。","UNKNOWN/VARIOUS","当前批次为汇编或作者信息未完全统一，需人工补证。","N/A","","待复核","待补充：作者基本人生简介（权威来源）","待补充：代表作 1-3 本","关键词：英文名/中文名/作者名 + 豆瓣/微信读书/京东/当当/孔网/WorldCat","","PENDING_MANUAL_REVIEW"
"Scientific American Supplement No. 447","《科学美国人增刊第447期》","Various","","","1884","1884","Project Gutenberg","https://www.gutenberg.org/ebooks/15905","Public domain in the USA","LIKELY_PASS","UNKNOWN","UNKNOWN","YES_WITH_REGION_WARNING","NONE_FOUND","3","4","5","4","3","19","B","periodical_issue","收录工程科学专题讲义与新技术介绍。","UNKNOWN/VARIOUS","当前批次为汇编或作者信息未完全统一，需人工补证。","N/A","","待复核","待补充：作者基本人生简介（权威来源）","待补充：代表作 1-3 本","关键词：英文名/中文名/作者名 + 豆瓣/微信读书/京东/当当/孔网/WorldCat","","PENDING_MANUAL_REVIEW"
"Scientific American Supplement No. 484","《科学美国人增刊第484期》","Various","","","1885","1885","Project Gutenberg","https://www.gutenberg.org/ebooks/17439","Public domain in the USA","LIKELY_PASS","UNKNOWN","UNKNOWN","YES_WITH_REGION_WARNING","NONE_FOUND","3","4","5","4","3","19","B","periodical_issue","多篇科学讲座文和技术图解说明。","UNKNOWN/VARIOUS","当前批次为汇编或作者信息未完全统一，需人工补证。","N/A","","待复核","待补充：作者基本人生简介（权威来源）","待补充：代表作 1-3 本","关键词：英文名/中文名/作者名 + 豆瓣/微信读书/京东/当当/孔网/WorldCat","","PENDING_MANUAL_REVIEW"
"The Story of Germ Life","《病菌生命的故事》","H. W. Conn","1859","1917","1897","1897","Project Gutenberg","https://www.gutenberg.org/ebooks/990","Public domain in the USA","LIKELY_PASS","PASS","PASS","YES_WITH_REGION_WARNING","NONE_FOUND","5","5","4","4","4","22","A","US_only_label","以讲座体介绍微生物学基础和公共卫生意义。","USA","美国生物学家与科普作者，早期细菌学大众传播者。","The Story of Germ Life; The Story of the Living Machine","1859-1917","待复核","待补充：作者基本人生简介（权威来源）","待补充：代表作 1-3 本","关键词：英文名/中文名/作者名 + 豆瓣/微信读书/京东/当当/孔网/WorldCat","","PENDING_MANUAL_REVIEW"
"The Story of Nineteenth-Century Science","《十九世纪科学史》","Henry Smith Williams","1863","1943","1900","1900","Project Gutenberg","https://www.gutenberg.org/ebooks/41218","Public domain in the USA","LIKELY_PASS","LIKELY_PASS","LIKELY_PASS","YES_WITH_REGION_WARNING","NONE_FOUND","4","5","4","4","3","20","A","US_only_label","回顾十九世纪主要学科突破与科学人物。","USA","美国科普与医学写作者，组织大型科学史编写。","The Story of Nineteenth-Century Science","1863-1943","待复核","待补充：作者基本人生简介（权威来源）","待补充：代表作 1-3 本","关键词：英文名/中文名/作者名 + 豆瓣/微信读书/京东/当当/孔网/WorldCat","","PENDING_MANUAL_REVIEW"
"The Chemistry of Food and Nutrition","《食物与营养化学》","A. W. Duncan","?","?","1907","1907","Project Gutenberg","https://www.gutenberg.org/ebooks/30447","Public domain in the USA","LIKELY_PASS","UNKNOWN","UNKNOWN","NEEDS_MANUAL_REVIEW","NONE_FOUND","3","5","5","4","3","20","B","author_identity_review","通俗讲座风格解释营养成分与代谢。","UNKNOWN/VARIOUS","当前批次为汇编或作者信息未完全统一，需人工补证。","N/A","?-?","待复核","待补充：作者基本人生简介（权威来源）","待补充：代表作 1-3 本","关键词：英文名/中文名/作者名 + 豆瓣/微信读书/京东/当当/孔网/WorldCat","","PENDING_MANUAL_REVIEW"
"The Scientific Basis of National Progress","《国家进步的科学基础》","Sir Norman Lockyer","1836","1920","1909","1909","Project Gutenberg","https://www.gutenberg.org/ebooks/24543","Public domain in the USA","LIKELY_PASS","PASS","PASS","YES_WITH_REGION_WARNING","NONE_FOUND","5","5","5","4","3","22","A","US_only_label","科学教育与国家工业发展的演讲文集。","UK","英国天文学家，《Nature》创办者之一。","The Scientific Basis of National Progress; Solar Physics","1836-1920","待复核","待补充：作者基本人生简介（权威来源）","待补充：代表作 1-3 本","关键词：英文名/中文名/作者名 + 豆瓣/微信读书/京东/当当/孔网/WorldCat","","PENDING_MANUAL_REVIEW"
"Science and Education","《科学与教育》","Thomas Henry Huxley","1825","1895","1893","1893","Project Gutenberg","https://www.gutenberg.org/ebooks/5231","Public domain in the USA","LIKELY_PASS","PASS","PASS","YES_WITH_REGION_WARNING","NONE_FOUND","5","5","4","4","4","22","A","US_only_label","收录科学教育与方法论演讲文章。","UK","英国生物学家与科学教育家，达尔文进化论的重要捍卫者。","Evidence as to Man's Place in Nature; Science and Education","1825-1895","待复核","待补充：作者基本人生简介（权威来源）","待补充：代表作 1-3 本","关键词：英文名/中文名/作者名 + 豆瓣/微信读书/京东/当当/孔网/WorldCat","","PENDING_MANUAL_REVIEW"
"Lay Sermons Addresses and Reviews","《俗讲与评论》","Thomas Henry Huxley","1825","1895","1870","1870","Project Gutenberg","https://www.gutenberg.org/ebooks/34137","Public domain in the USA","LIKELY_PASS","PASS","PASS","YES_WITH_REGION_WARNING","NONE_FOUND","5","5","4","4","3","21","A","US_only_label","以公众演讲方式解释科学与社会议题。","UK","英国生物学家与科学教育家，达尔文进化论的重要捍卫者。","Evidence as to Man's Place in Nature; Science and Education","1825-1895","待复核","待补充：作者基本人生简介（权威来源）","待补充：代表作 1-3 本","关键词：英文名/中文名/作者名 + 豆瓣/微信读书/京东/当当/孔网/WorldCat","","PENDING_MANUAL_REVIEW"
"The Scientific Papers of James Clerk Maxwell Vol 1","《麦克斯韦科学论文集 卷一》","James Clerk Maxwell","1831","1879","1890","1890","Project Gutenberg","https://www.gutenberg.org/ebooks/32906","Public domain in the USA","LIKELY_PASS","PASS","PASS","YES_WITH_REGION_WARNING","OLD_TRANSLATION_FOUND","5","5","3","5","1","19","B","high_difficulty","经典物理学论文与讲义合集。","Scotland/UK","苏格兰物理学家，电磁学统一理论奠基人。","A Treatise on Electricity and Magnetism","1831-1879","待复核","待补充：作者基本人生简介（权威来源）","待补充：代表作 1-3 本","关键词：英文名/中文名/作者名 + 豆瓣/微信读书/京东/当当/孔网/WorldCat","","PENDING_MANUAL_REVIEW"
"Six Lectures on Light","《光学六讲》","John Tyndall","1820","1893","1873","1873","Project Gutenberg","https://www.gutenberg.org/ebooks/11843","Public domain in the USA","LIKELY_PASS","PASS","PASS","YES_WITH_REGION_WARNING","NONE_FOUND","5","5","4","4","4","22","A","US_only_label","用公开讲座形式解释光的传播与实验现象。","Ireland/UK","爱尔兰裔英国物理学家，公共科学讲座名家。","Heat as a Mode of Motion; Fragments of Science","1820-1893","待复核","待补充：作者基本人生简介（权威来源）","待补充：代表作 1-3 本","关键词：英文名/中文名/作者名 + 豆瓣/微信读书/京东/当当/孔网/WorldCat","","PENDING_MANUAL_REVIEW"
"Fragments of Science Vol 1","《科学片段 卷一》","John Tyndall","1820","1893","1871","1871","Project Gutenberg","https://www.gutenberg.org/ebooks/4019","Public domain in the USA","LIKELY_PASS","PASS","PASS","YES_WITH_REGION_WARNING","NONE_FOUND","5","5","4","4","3","21","A","US_only_label","收录多篇面向公众的科学演讲与随笔。","Ireland/UK","爱尔兰裔英国物理学家，公共科学讲座名家。","Heat as a Mode of Motion; Fragments of Science","1820-1893","待复核","待补充：作者基本人生简介（权威来源）","待补充：代表作 1-3 本","关键词：英文名/中文名/作者名 + 豆瓣/微信读书/京东/当当/孔网/WorldCat","","PENDING_MANUAL_REVIEW"
